,Epoch,train_loss,train_acc,test_acc
0,0.0,0.4851137101650238,0.7619047619047619,0.8440366972477065
1,1.0,0.25972795486450195,0.9047619047619048,0.8405963302752294
2,2.0,0.2377697080373764,0.8571428571428571,0.8463302752293578
3,3.0,0.08711888641119003,1.0,0.8291284403669725
4,4.0,0.11375662684440613,0.9047619047619048,0.841743119266055
