,Epoch,train_loss,train_acc,test_acc
0,0.0,0.20216268301010132,0.9047619047619048,0.9208715596330275
1,1.0,0.0036566874478012323,1.0,0.9048165137614679
2,2.0,0.0031866503413766623,1.0,0.908256880733945
3,3.0,0.003339927876368165,1.0,0.9128440366972477
