,Epoch,train_loss,train_acc,test_acc
0,0.0,9.07966423034668,0.875,0.49852
1,1.0,8.975829124450684,0.8125,0.502
2,2.0,8.933708190917969,0.875,0.51178
3,3.0,8.834356307983398,0.9375,0.51952
4,4.0,8.824816703796387,0.875,0.52418
5,5.0,8.833799362182617,0.875,0.51508
6,6.0,8.803030014038086,0.9375,0.50908
7,7.0,8.751993179321289,0.9375,0.52288
8,8.0,8.709303855895996,0.875,0.51768
9,9.0,8.742999076843262,0.9375,0.52406
