,Epoch,train_loss,train_acc,test_acc
0,0.0,1.9141937494277954,0.7619047619047619,0.7901376146788991
1,1.0,1.756430983543396,0.8571428571428571,0.8027522935779816
2,2.0,1.811252236366272,0.8571428571428571,0.8027522935779816
