,Epoch,train_loss,train_acc,test_acc
0,0.0,0.4867047369480133,0.7619047619047619,0.8291284403669725
