,Epoch,train_loss,train_acc,test_acc
0,0.0,7.67888879776001,0.75,0.51468
1,1.0,7.578631401062012,0.875,0.52372
2,2.0,7.555994033813477,0.875,0.51304
3,3.0,7.513348579406738,1.0,0.52296
4,4.0,7.6080427169799805,0.875,0.51586
5,5.0,7.5146164894104,1.0,0.53672
