,Epoch,train_loss,train_acc,test_acc
0,0.0,3.7010042667388916,0.7619047619047619,0.7958715596330275
1,1.0,3.3892784118652344,0.9047619047619048,0.8084862385321101
2,2.0,3.3974714279174805,0.8571428571428571,0.7924311926605505
