,Epoch,train_loss,train_acc,test_acc
0,0.0,0.46967628598213196,0.8095238095238095,0.8291284403669725
1,1.0,0.16355162858963013,0.8571428571428571,0.8268348623853211
2,2.0,0.03005588799715042,1.0,0.8440366972477065
3,3.0,0.012709004804491997,1.0,0.8153669724770642
4,4.0,0.00397593853995204,1.0,0.8084862385321101
5,5.0,0.003304249607026577,1.0,0.823394495412844
6,6.0,0.0026684077456593513,1.0,0.8245412844036697
7,7.0,0.002953584073111415,1.0,0.8096330275229358
